{"cameraMode":{"drawMode":0,"name":"Shaded","section":"Shading Mode"},"sceneLighting":true,"audioPlay":false,"sceneViewState":{"m_AlwaysRefresh":false,"showFog":true,"showSkybox":true,"showFlares":true,"showImageEffects":true,"showParticleSystems":true,"showVisualEffectGraphs":true,"m_FxEnabled":true},"in2DMode":false,"pivot":{"x":-5.637115001678467,"y":-3.748560667037964,"z":11.44094467163086},"rotation":{"x":-0.0018672753358259798,"y":-0.9729979038238525,"z":-0.007883849553763867,"w":0.23069296777248383},"size":8.417966842651368,"orthographic":false}